session_key,location,session_type,session_name,date_start,date_end,gmt_offset,meeting_key,year,country_key,circuit_key
9222,Sakhir,Practice,Practice 1,2023-02-23T07:00:00+00:00,2023-02-23T16:30:00+00:00,03:00:00,1140,2023,36,63
7763,Sakhir,Practice,Practice 2,2023-02-24T07:00:00+00:00,2023-02-24T16:30:00+00:00,03:00:00,1140,2023,36,63
7764,Sakhir,Practice,Practice 3,2023-02-25T07:00:00+00:00,2023-02-25T16:30:00+00:00,03:00:00,1140,2023,36,63
7765,Sakhir,Practice,Practice 1,2023-03-03T11:30:00+00:00,2023-03-03T12:30:00+00:00,03:00:00,1141,2023,36,63
7766,Sakhir,Practice,Practice 2,2023-03-03T15:00:00+00:00,2023-03-03T16:00:00+00:00,03:00:00,1141,2023,36,63
7767,Sakhir,Practice,Practice 3,2023-03-04T11:30:00+00:00,2023-03-04T12:30:00+00:00,03:00:00,1141,2023,36,63
7768,Sakhir,Qualifying,Qualifying,2023-03-04T15:00:00+00:00,2023-03-04T16:00:00+00:00,03:00:00,1141,2023,36,63
7953,Sakhir,Race,Race,2023-03-05T15:00:00+00:00,2023-03-05T17:00:00+00:00,03:00:00,1141,2023,36,63
7772,Jeddah,Practice,Practice 1,2023-03-17T13:30:00+00:00,2023-03-17T14:30:00+00:00,03:00:00,1142,2023,153,149
7773,Jeddah,Practice,Practice 2,2023-03-17T17:00:00+00:00,2023-03-17T18:00:00+00:00,03:00:00,1142,2023,153,149
7774,Jeddah,Practice,Practice 3,2023-03-18T13:30:00+00:00,2023-03-18T14:30:00+00:00,03:00:00,1142,2023,153,149
7775,Jeddah,Qualifying,Qualifying,2023-03-18T17:00:00+00:00,2023-03-18T18:00:00+00:00,03:00:00,1142,2023,153,149
7779,Jeddah,Race,Race,2023-03-19T17:00:00+00:00,2023-03-19T19:00:00+00:00,03:00:00,1142,2023,153,149
7780,Melbourne,Practice,Practice 1,2023-03-31T01:30:00+00:00,2023-03-31T02:30:00+00:00,11:00:00,1143,2023,5,10
7781,Melbourne,Practice,Practice 2,2023-03-31T05:00:00+00:00,2023-03-31T06:00:00+00:00,11:00:00,1143,2023,5,10
7782,Melbourne,Practice,Practice 3,2023-04-01T01:30:00+00:00,2023-04-01T02:30:00+00:00,11:00:00,1143,2023,5,10
7783,Melbourne,Qualifying,Qualifying,2023-04-01T05:00:00+00:00,2023-04-01T06:00:00+00:00,11:00:00,1143,2023,5,10
7787,Melbourne,Race,Race,2023-04-02T05:00:00+00:00,2023-04-02T07:00:00+00:00,10:00:00,1143,2023,5,10
9063,Baku,Practice,Practice 1,2023-04-28T09:30:00+00:00,2023-04-28T10:30:00+00:00,04:00:00,1207,2023,30,144
9064,Baku,Qualifying,Qualifying,2023-04-28T13:00:00+00:00,2023-04-28T14:00:00+00:00,04:00:00,1207,2023,30,144
9278,Baku,Qualifying,Sprint Shootout,2023-04-29T08:30:00+00:00,2023-04-29T09:14:00+00:00,04:00:00,1207,2023,30,144
9069,Baku,Race,Sprint,2023-04-29T13:30:00+00:00,2023-04-29T14:00:00+00:00,04:00:00,1207,2023,30,144
9070,Baku,Race,Race,2023-04-30T11:00:00+00:00,2023-04-30T13:00:00+00:00,04:00:00,1207,2023,30,144
9071,Miami,Practice,Practice 1,2023-05-05T18:00:00+00:00,2023-05-05T19:00:00+00:00,-04:00:00,1208,2023,19,151
9072,Miami,Practice,Practice 2,2023-05-05T21:30:00+00:00,2023-05-05T22:30:00+00:00,-04:00:00,1208,2023,19,151
9073,Miami,Practice,Practice 3,2023-05-06T16:30:00+00:00,2023-05-06T17:30:00+00:00,-04:00:00,1208,2023,19,151
9074,Miami,Qualifying,Qualifying,2023-05-06T20:00:00+00:00,2023-05-06T21:00:00+00:00,-04:00:00,1208,2023,19,151
9078,Miami,Race,Race,2023-05-07T19:30:00+00:00,2023-05-07T21:30:00+00:00,-04:00:00,1208,2023,19,151
9087,Monaco,Practice,Practice 1,2023-05-26T11:30:00+00:00,2023-05-26T12:30:00+00:00,02:00:00,1210,2023,114,22
9088,Monaco,Practice,Practice 2,2023-05-26T15:00:00+00:00,2023-05-26T16:00:00+00:00,02:00:00,1210,2023,114,22
9089,Monaco,Practice,Practice 3,2023-05-27T10:30:00+00:00,2023-05-27T11:30:00+00:00,02:00:00,1210,2023,114,22
9090,Monaco,Qualifying,Qualifying,2023-05-27T14:00:00+00:00,2023-05-27T15:00:00+00:00,02:00:00,1210,2023,114,22
9094,Monaco,Race,Race,2023-05-28T13:00:00+00:00,2023-05-28T15:00:00+00:00,02:00:00,1210,2023,114,22
9095,Barcelona,Practice,Practice 1,2023-06-02T11:30:00+00:00,2023-06-02T12:30:00+00:00,02:00:00,1211,2023,1,15
9096,Barcelona,Practice,Practice 2,2023-06-02T15:00:00+00:00,2023-06-02T16:00:00+00:00,02:00:00,1211,2023,1,15
9097,Barcelona,Practice,Practice 3,2023-06-03T10:30:00+00:00,2023-06-03T11:30:00+00:00,02:00:00,1211,2023,1,15
9098,Barcelona,Qualifying,Qualifying,2023-06-03T14:00:00+00:00,2023-06-03T15:00:00+00:00,02:00:00,1211,2023,1,15
9102,Barcelona,Race,Race,2023-06-04T13:00:00+00:00,2023-06-04T15:00:00+00:00,02:00:00,1211,2023,1,15
9103,Montréal,Practice,Practice 1,2023-06-16T17:30:00+00:00,2023-06-16T18:30:00+00:00,-04:00:00,1212,2023,46,23
9104,Montréal,Practice,Practice 2,2023-06-16T20:30:00+00:00,2023-06-16T22:00:00+00:00,-04:00:00,1212,2023,46,23
9105,Montréal,Practice,Practice 3,2023-06-17T16:30:00+00:00,2023-06-17T17:30:00+00:00,-04:00:00,1212,2023,46,23
9106,Montréal,Qualifying,Qualifying,2023-06-17T20:00:00+00:00,2023-06-17T21:00:00+00:00,-04:00:00,1212,2023,46,23
9110,Montréal,Race,Race,2023-06-18T18:00:00+00:00,2023-06-18T20:00:00+00:00,-04:00:00,1212,2023,46,23
9112,Spielberg,Qualifying,Qualifying,2023-06-30T15:00:00+00:00,2023-06-30T16:00:00+00:00,02:00:00,1213,2023,17,19
9282,Spielberg,Qualifying,Sprint Shootout,2023-07-01T10:00:00+00:00,2023-07-01T10:44:00+00:00,02:00:00,1213,2023,17,19
9117,Spielberg,Race,Sprint,2023-07-01T14:30:00+00:00,2023-07-01T15:00:00+00:00,02:00:00,1213,2023,17,19
9118,Spielberg,Race,Race,2023-07-02T13:00:00+00:00,2023-07-02T15:00:00+00:00,02:00:00,1213,2023,17,19
9119,Silverstone,Practice,Practice 1,2023-07-07T11:30:00+00:00,2023-07-07T12:30:00+00:00,01:00:00,1214,2023,2,2
9120,Silverstone,Practice,Practice 2,2023-07-07T15:00:00+00:00,2023-07-07T16:00:00+00:00,01:00:00,1214,2023,2,2
9121,Silverstone,Practice,Practice 3,2023-07-08T10:30:00+00:00,2023-07-08T11:30:00+00:00,01:00:00,1214,2023,2,2
9122,Silverstone,Qualifying,Qualifying,2023-07-08T14:00:00+00:00,2023-07-08T15:00:00+00:00,01:00:00,1214,2023,2,2
9126,Silverstone,Race,Race,2023-07-09T14:00:00+00:00,2023-07-09T16:00:00+00:00,01:00:00,1214,2023,2,2
9223,Budapest,Practice,Practice 1,2023-07-21T11:30:00+00:00,2023-07-21T12:30:00+00:00,02:00:00,1215,2023,14,4
9127,Budapest,Practice,Practice 2,2023-07-21T15:00:00+00:00,2023-07-21T16:00:00+00:00,02:00:00,1215,2023,14,4
9128,Budapest,Practice,Practice 3,2023-07-22T10:30:00+00:00,2023-07-22T11:30:00+00:00,02:00:00,1215,2023,14,4
9129,Budapest,Qualifying,Qualifying,2023-07-22T14:00:00+00:00,2023-07-22T15:00:00+00:00,02:00:00,1215,2023,14,4
9133,Budapest,Race,Race,2023-07-23T13:00:00+00:00,2023-07-23T15:00:00+00:00,02:00:00,1215,2023,14,4
9134,Spa-Francorchamps,Practice,Practice 1,2023-07-28T11:30:00+00:00,2023-07-28T12:30:00+00:00,02:00:00,1216,2023,16,7
9135,Spa-Francorchamps,Qualifying,Qualifying,2023-07-28T15:00:00+00:00,2023-07-28T16:00:00+00:00,02:00:00,1216,2023,16,7
9286,Spa-Francorchamps,Qualifying,Sprint Shootout,2023-07-29T10:00:00+00:00,2023-07-29T10:44:00+00:00,02:00:00,1216,2023,16,7
9140,Spa-Francorchamps,Race,Sprint,2023-07-29T15:05:00+00:00,2023-07-29T15:35:00+00:00,02:00:00,1216,2023,16,7
9141,Spa-Francorchamps,Race,Race,2023-07-30T13:00:00+00:00,2023-07-30T15:00:00+00:00,02:00:00,1216,2023,16,7
9142,Zandvoort,Practice,Practice 1,2023-08-25T10:30:00+00:00,2023-08-25T11:30:00+00:00,02:00:00,1217,2023,133,55
9143,Zandvoort,Practice,Practice 2,2023-08-25T14:00:00+00:00,2023-08-25T15:00:00+00:00,02:00:00,1217,2023,133,55
9144,Zandvoort,Practice,Practice 3,2023-08-26T09:30:00+00:00,2023-08-26T10:30:00+00:00,02:00:00,1217,2023,133,55
9145,Zandvoort,Qualifying,Qualifying,2023-08-26T13:00:00+00:00,2023-08-26T14:00:00+00:00,02:00:00,1217,2023,133,55
9149,Zandvoort,Race,Race,2023-08-27T13:00:00+00:00,2023-08-27T15:00:00+00:00,02:00:00,1217,2023,133,55
9150,Monza,Practice,Practice 1,2023-09-01T11:30:00+00:00,2023-09-01T12:30:00+00:00,02:00:00,1218,2023,13,39
9151,Monza,Practice,Practice 2,2023-09-01T15:00:00+00:00,2023-09-01T16:00:00+00:00,02:00:00,1218,2023,13,39
9152,Monza,Practice,Practice 3,2023-09-02T10:30:00+00:00,2023-09-02T11:30:00+00:00,02:00:00,1218,2023,13,39
9153,Monza,Qualifying,Qualifying,2023-09-02T14:00:00+00:00,2023-09-02T15:00:00+00:00,02:00:00,1218,2023,13,39
9157,Monza,Race,Race,2023-09-03T13:00:00+00:00,2023-09-03T15:00:00+00:00,02:00:00,1218,2023,13,39
9158,Marina Bay,Practice,Practice 1,2023-09-15T09:30:00+00:00,2023-09-15T10:30:00+00:00,08:00:00,1219,2023,157,61
9159,Marina Bay,Practice,Practice 2,2023-09-15T13:00:00+00:00,2023-09-15T14:00:00+00:00,08:00:00,1219,2023,157,61
9160,Marina Bay,Practice,Practice 3,2023-09-16T09:30:00+00:00,2023-09-16T10:30:00+00:00,08:00:00,1219,2023,157,61
9161,Marina Bay,Qualifying,Qualifying,2023-09-16T13:00:00+00:00,2023-09-16T14:00:00+00:00,08:00:00,1219,2023,157,61
9165,Marina Bay,Race,Race,2023-09-17T12:00:00+00:00,2023-09-17T14:00:00+00:00,08:00:00,1219,2023,157,61
9166,Suzuka,Practice,Practice 1,2023-09-22T02:30:00+00:00,2023-09-22T03:30:00+00:00,09:00:00,1220,2023,4,46
9167,Suzuka,Practice,Practice 2,2023-09-22T06:00:00+00:00,2023-09-22T07:00:00+00:00,09:00:00,1220,2023,4,46
9168,Suzuka,Practice,Practice 3,2023-09-23T02:30:00+00:00,2023-09-23T03:30:00+00:00,09:00:00,1220,2023,4,46
9169,Suzuka,Qualifying,Qualifying,2023-09-23T06:00:00+00:00,2023-09-23T07:00:00+00:00,09:00:00,1220,2023,4,46
9173,Suzuka,Race,Race,2023-09-24T05:00:00+00:00,2023-09-24T07:00:00+00:00,09:00:00,1220,2023,4,46
9214,Lusail,Practice,Practice 1,2023-10-06T13:30:00+00:00,2023-10-06T14:30:00+00:00,03:00:00,1221,2023,149,150
9215,Lusail,Qualifying,Qualifying,2023-10-06T17:00:00+00:00,2023-10-06T18:00:00+00:00,03:00:00,1221,2023,149,150
9298,Lusail,Qualifying,Sprint Shootout,2023-10-07T13:20:00+00:00,2023-10-07T14:04:00+00:00,03:00:00,1221,2023,149,150
9220,Lusail,Race,Sprint,2023-10-07T17:30:00+00:00,2023-10-07T18:30:00+00:00,03:00:00,1221,2023,149,150
9221,Lusail,Race,Race,2023-10-08T17:00:00+00:00,2023-10-08T19:00:00+00:00,03:00:00,1221,2023,149,150
9206,Austin,Practice,Practice 1,2023-10-20T17:30:00+00:00,2023-10-20T18:30:00+00:00,-05:00:00,1222,2023,19,9
9207,Austin,Qualifying,Qualifying,2023-10-20T21:00:00+00:00,2023-10-20T22:00:00+00:00,-05:00:00,1222,2023,19,9
9294,Austin,Qualifying,Sprint Shootout,2023-10-21T17:30:00+00:00,2023-10-21T18:14:00+00:00,-05:00:00,1222,2023,19,9
9212,Austin,Race,Sprint,2023-10-21T22:00:00+00:00,2023-10-21T23:00:00+00:00,-05:00:00,1222,2023,19,9
9213,Austin,Race,Race,2023-10-22T19:00:00+00:00,2023-10-22T21:00:00+00:00,-05:00:00,1222,2023,19,9
9174,Mexico City,Practice,Practice 1,2023-10-27T18:30:00+00:00,2023-10-27T19:30:00+00:00,-06:00:00,1223,2023,8,65
9175,Mexico City,Practice,Practice 2,2023-10-27T22:00:00+00:00,2023-10-27T23:00:00+00:00,-06:00:00,1223,2023,8,65
9176,Mexico City,Practice,Practice 3,2023-10-28T17:30:00+00:00,2023-10-28T18:30:00+00:00,-06:00:00,1223,2023,8,65
9177,Mexico City,Qualifying,Qualifying,2023-10-28T21:00:00+00:00,2023-10-28T22:00:00+00:00,-06:00:00,1223,2023,8,65
9181,Mexico City,Race,Race,2023-10-29T20:00:00+00:00,2023-10-29T22:00:00+00:00,-06:00:00,1223,2023,8,65
9198,São Paulo,Practice,Practice 1,2023-11-03T14:30:00+00:00,2023-11-03T15:30:00+00:00,-03:00:00,1224,2023,10,14
9304,São Paulo,Qualifying,Qualifying,2023-11-03T18:00:00+00:00,2023-11-03T19:00:00+00:00,-03:00:00,1224,2023,10,14
9308,São Paulo,Qualifying,Sprint Shootout,2023-11-04T14:00:00+00:00,2023-11-04T14:44:00+00:00,-03:00:00,1224,2023,10,14
9204,São Paulo,Race,Sprint,2023-11-04T18:30:00+00:00,2023-11-04T19:00:00+00:00,-03:00:00,1224,2023,10,14
9205,São Paulo,Race,Race,2023-11-05T17:00:00+00:00,2023-11-05T19:00:00+00:00,-03:00:00,1224,2023,10,14
9182,Las Vegas,Practice,Practice 1,2023-11-17T04:30:00+00:00,2023-11-17T05:30:00+00:00,-08:00:00,1225,2023,19,152
9183,Las Vegas,Practice,Practice 2,2023-11-17T10:00:00+00:00,2023-11-17T11:30:00+00:00,-08:00:00,1225,2023,19,152
9184,Las Vegas,Practice,Practice 3,2023-11-18T04:30:00+00:00,2023-11-18T05:30:00+00:00,-08:00:00,1225,2023,19,152
9314,Las Vegas,Qualifying,Qualifying,2023-11-18T08:00:00+00:00,2023-11-18T09:00:00+00:00,-08:00:00,1225,2023,19,152
9189,Las Vegas,Race,Race,2023-11-19T06:00:00+00:00,2023-11-19T08:00:00+00:00,-08:00:00,1225,2023,19,152
9190,Yas Island,Practice,Practice 1,2023-11-24T09:30:00+00:00,2023-11-24T10:30:00+00:00,04:00:00,1226,2023,21,70
9191,Yas Island,Practice,Practice 2,2023-11-24T13:00:00+00:00,2023-11-24T14:00:00+00:00,04:00:00,1226,2023,21,70
9192,Yas Island,Practice,Practice 3,2023-11-25T10:30:00+00:00,2023-11-25T11:30:00+00:00,04:00:00,1226,2023,21,70
9193,Yas Island,Qualifying,Qualifying,2023-11-25T14:00:00+00:00,2023-11-25T15:00:00+00:00,04:00:00,1226,2023,21,70
9197,Yas Island,Race,Race,2023-11-26T13:00:00+00:00,2023-11-26T15:00:00+00:00,04:00:00,1226,2023,21,70
9465,Sakhir,Practice,Practice 1,2024-02-29T11:30:00+00:00,2024-02-29T12:30:00+00:00,03:00:00,1229,2024,36,63
9466,Sakhir,Practice,Practice 2,2024-02-29T15:00:00+00:00,2024-02-29T16:00:00+00:00,03:00:00,1229,2024,36,63
9467,Sakhir,Practice,Practice 3,2024-03-01T12:30:00+00:00,2024-03-01T13:30:00+00:00,03:00:00,1229,2024,36,63
9468,Sakhir,Qualifying,Qualifying,2024-03-01T16:00:00+00:00,2024-03-01T17:00:00+00:00,03:00:00,1229,2024,36,63
9472,Sakhir,Race,Race,2024-03-02T15:00:00+00:00,2024-03-02T17:00:00+00:00,03:00:00,1229,2024,36,63
9473,Jeddah,Practice,Practice 1,2024-03-07T13:30:00+00:00,2024-03-07T14:30:00+00:00,03:00:00,1230,2024,153,149
9474,Jeddah,Practice,Practice 2,2024-03-07T17:00:00+00:00,2024-03-07T18:00:00+00:00,03:00:00,1230,2024,153,149
9475,Jeddah,Practice,Practice 3,2024-03-08T13:30:00+00:00,2024-03-08T14:30:00+00:00,03:00:00,1230,2024,153,149
9476,Jeddah,Qualifying,Qualifying,2024-03-08T17:00:00+00:00,2024-03-08T18:00:00+00:00,03:00:00,1230,2024,153,149
9480,Jeddah,Race,Race,2024-03-09T17:00:00+00:00,2024-03-09T19:00:00+00:00,03:00:00,1230,2024,153,149
9481,Melbourne,Practice,Practice 1,2024-03-22T01:30:00+00:00,2024-03-22T02:30:00+00:00,11:00:00,1231,2024,5,10
9482,Melbourne,Practice,Practice 2,2024-03-22T05:00:00+00:00,2024-03-22T06:00:00+00:00,11:00:00,1231,2024,5,10
9483,Melbourne,Practice,Practice 3,2024-03-23T01:30:00+00:00,2024-03-23T02:30:00+00:00,11:00:00,1231,2024,5,10
9484,Melbourne,Qualifying,Qualifying,2024-03-23T05:00:00+00:00,2024-03-23T06:00:00+00:00,11:00:00,1231,2024,5,10
9488,Melbourne,Race,Race,2024-03-24T04:00:00+00:00,2024-03-24T06:00:00+00:00,11:00:00,1231,2024,5,10
9489,Suzuka,Practice,Practice 1,2024-04-05T02:30:00+00:00,2024-04-05T03:30:00+00:00,09:00:00,1232,2024,4,46
9490,Suzuka,Practice,Practice 2,2024-04-05T06:00:00+00:00,2024-04-05T07:00:00+00:00,09:00:00,1232,2024,4,46
9491,Suzuka,Practice,Practice 3,2024-04-06T02:30:00+00:00,2024-04-06T03:30:00+00:00,09:00:00,1232,2024,4,46
9492,Suzuka,Qualifying,Qualifying,2024-04-06T06:00:00+00:00,2024-04-06T07:00:00+00:00,09:00:00,1232,2024,4,46
9496,Suzuka,Race,Race,2024-04-07T05:00:00+00:00,2024-04-07T07:00:00+00:00,09:00:00,1232,2024,4,46
9663,Shanghai,Practice,Practice 1,2024-04-19T03:30:00+00:00,2024-04-19T04:30:00+00:00,08:00:00,1233,2024,53,49
9668,Shanghai,Qualifying,Sprint Qualifying,2024-04-19T07:30:00+00:00,2024-04-19T08:14:00+00:00,08:00:00,1233,2024,53,49
9672,Shanghai,Race,Sprint,2024-04-20T03:00:00+00:00,2024-04-20T03:30:00+00:00,08:00:00,1233,2024,53,49
9664,Shanghai,Qualifying,Qualifying,2024-04-20T07:00:00+00:00,2024-04-20T08:00:00+00:00,08:00:00,1233,2024,53,49
9673,Shanghai,Race,Race,2024-04-21T07:00:00+00:00,2024-04-21T09:00:00+00:00,08:00:00,1233,2024,53,49
9497,Miami,Practice,Practice 1,2024-05-03T16:30:00+00:00,2024-05-03T17:30:00+00:00,-04:00:00,1234,2024,19,151
9502,Miami,Qualifying,Sprint Qualifying,2024-05-03T20:30:00+00:00,2024-05-03T21:14:00+00:00,-04:00:00,1234,2024,19,151
9506,Miami,Race,Sprint,2024-05-04T16:00:00+00:00,2024-05-04T16:30:00+00:00,-04:00:00,1234,2024,19,151
9498,Miami,Qualifying,Qualifying,2024-05-04T20:00:00+00:00,2024-05-04T21:00:00+00:00,-04:00:00,1234,2024,19,151
9507,Miami,Race,Race,2024-05-05T20:00:00+00:00,2024-05-05T22:00:00+00:00,-04:00:00,1234,2024,19,151
9508,Imola,Practice,Practice 1,2024-05-17T11:30:00+00:00,2024-05-17T12:30:00+00:00,02:00:00,1235,2024,13,6
9509,Imola,Practice,Practice 2,2024-05-17T15:00:00+00:00,2024-05-17T16:00:00+00:00,02:00:00,1235,2024,13,6
9510,Imola,Practice,Practice 3,2024-05-18T10:30:00+00:00,2024-05-18T11:30:00+00:00,02:00:00,1235,2024,13,6
9511,Imola,Qualifying,Qualifying,2024-05-18T14:00:00+00:00,2024-05-18T15:00:00+00:00,02:00:00,1235,2024,13,6
9515,Imola,Race,Race,2024-05-19T13:00:00+00:00,2024-05-19T15:00:00+00:00,02:00:00,1235,2024,13,6
9516,Monaco,Practice,Practice 1,2024-05-24T11:30:00+00:00,2024-05-24T12:30:00+00:00,02:00:00,1236,2024,114,22
9517,Monaco,Practice,Practice 2,2024-05-24T15:00:00+00:00,2024-05-24T16:00:00+00:00,02:00:00,1236,2024,114,22
9518,Monaco,Practice,Practice 3,2024-05-25T10:30:00+00:00,2024-05-25T11:30:00+00:00,02:00:00,1236,2024,114,22
9519,Monaco,Qualifying,Qualifying,2024-05-25T14:00:00+00:00,2024-05-25T15:00:00+00:00,02:00:00,1236,2024,114,22
9523,Monaco,Race,Race,2024-05-26T13:00:00+00:00,2024-05-26T15:00:00+00:00,02:00:00,1236,2024,114,22
9524,Montréal,Practice,Practice 1,2024-06-07T17:30:00+00:00,2024-06-07T18:30:00+00:00,-04:00:00,1237,2024,46,23
9525,Montréal,Practice,Practice 2,2024-06-07T21:00:00+00:00,2024-06-07T22:00:00+00:00,-04:00:00,1237,2024,46,23
9526,Montréal,Practice,Practice 3,2024-06-08T16:30:00+00:00,2024-06-08T17:30:00+00:00,-04:00:00,1237,2024,46,23
9527,Montréal,Qualifying,Qualifying,2024-06-08T20:00:00+00:00,2024-06-08T21:00:00+00:00,-04:00:00,1237,2024,46,23
9531,Montréal,Race,Race,2024-06-09T18:00:00+00:00,2024-06-09T20:00:00+00:00,-04:00:00,1237,2024,46,23
9532,Barcelona,Practice,Practice 1,2024-06-21T11:30:00+00:00,2024-06-21T12:30:00+00:00,02:00:00,1238,2024,1,15
9533,Barcelona,Practice,Practice 2,2024-06-21T15:00:00+00:00,2024-06-21T16:00:00+00:00,02:00:00,1238,2024,1,15
9534,Barcelona,Practice,Practice 3,2024-06-22T10:30:00+00:00,2024-06-22T11:30:00+00:00,02:00:00,1238,2024,1,15
9535,Barcelona,Qualifying,Qualifying,2024-06-22T14:00:00+00:00,2024-06-22T15:00:00+00:00,02:00:00,1238,2024,1,15
9539,Barcelona,Race,Race,2024-06-23T13:00:00+00:00,2024-06-23T15:00:00+00:00,02:00:00,1238,2024,1,15
9540,Spielberg,Practice,Practice 1,2024-06-28T10:30:00+00:00,2024-06-28T11:30:00+00:00,02:00:00,1239,2024,17,19
9545,Spielberg,Qualifying,Sprint Qualifying,2024-06-28T14:30:00+00:00,2024-06-28T15:14:00+00:00,02:00:00,1239,2024,17,19
9549,Spielberg,Race,Sprint,2024-06-29T10:00:00+00:00,2024-06-29T10:30:00+00:00,02:00:00,1239,2024,17,19
9541,Spielberg,Qualifying,Qualifying,2024-06-29T14:00:00+00:00,2024-06-29T15:00:00+00:00,02:00:00,1239,2024,17,19
9550,Spielberg,Race,Race,2024-06-30T13:00:00+00:00,2024-06-30T15:00:00+00:00,02:00:00,1239,2024,17,19
9551,Silverstone,Practice,Practice 1,2024-07-05T11:30:00+00:00,2024-07-05T12:30:00+00:00,01:00:00,1240,2024,2,2
9552,Silverstone,Practice,Practice 2,2024-07-05T15:00:00+00:00,2024-07-05T16:00:00+00:00,01:00:00,1240,2024,2,2
9553,Silverstone,Practice,Practice 3,2024-07-06T10:30:00+00:00,2024-07-06T11:30:00+00:00,01:00:00,1240,2024,2,2
9554,Silverstone,Qualifying,Qualifying,2024-07-06T14:00:00+00:00,2024-07-06T15:00:00+00:00,01:00:00,1240,2024,2,2
9558,Silverstone,Race,Race,2024-07-07T14:00:00+00:00,2024-07-07T16:00:00+00:00,01:00:00,1240,2024,2,2
9559,Budapest,Practice,Practice 1,2024-07-19T11:30:00+00:00,2024-07-19T12:30:00+00:00,02:00:00,1241,2024,14,4
9560,Budapest,Practice,Practice 2,2024-07-19T15:00:00+00:00,2024-07-19T16:00:00+00:00,02:00:00,1241,2024,14,4
9561,Budapest,Practice,Practice 3,2024-07-20T10:30:00+00:00,2024-07-20T11:30:00+00:00,02:00:00,1241,2024,14,4
9562,Budapest,Qualifying,Qualifying,2024-07-20T14:00:00+00:00,2024-07-20T15:00:00+00:00,02:00:00,1241,2024,14,4
9566,Budapest,Race,Race,2024-07-21T13:00:00+00:00,2024-07-21T15:00:00+00:00,02:00:00,1241,2024,14,4
9567,Spa-Francorchamps,Practice,Practice 1,2024-07-26T11:30:00+00:00,2024-07-26T12:30:00+00:00,02:00:00,1242,2024,16,7
9568,Spa-Francorchamps,Practice,Practice 2,2024-07-26T15:00:00+00:00,2024-07-26T16:00:00+00:00,02:00:00,1242,2024,16,7
9569,Spa-Francorchamps,Practice,Practice 3,2024-07-27T10:30:00+00:00,2024-07-27T11:30:00+00:00,02:00:00,1242,2024,16,7
9570,Spa-Francorchamps,Qualifying,Qualifying,2024-07-27T14:00:00+00:00,2024-07-27T15:00:00+00:00,02:00:00,1242,2024,16,7
9574,Spa-Francorchamps,Race,Race,2024-07-28T13:00:00+00:00,2024-07-28T15:00:00+00:00,02:00:00,1242,2024,16,7
9575,Zandvoort,Practice,Practice 1,2024-08-23T10:30:00+00:00,2024-08-23T11:30:00+00:00,02:00:00,1243,2024,133,55
9576,Zandvoort,Practice,Practice 2,2024-08-23T14:00:00+00:00,2024-08-23T15:00:00+00:00,02:00:00,1243,2024,133,55
9577,Zandvoort,Practice,Practice 3,2024-08-24T09:30:00+00:00,2024-08-24T10:30:00+00:00,02:00:00,1243,2024,133,55
9578,Zandvoort,Qualifying,Qualifying,2024-08-24T13:00:00+00:00,2024-08-24T14:00:00+00:00,02:00:00,1243,2024,133,55
9582,Zandvoort,Race,Race,2024-08-25T13:00:00+00:00,2024-08-25T15:00:00+00:00,02:00:00,1243,2024,133,55
9583,Monza,Practice,Practice 1,2024-08-30T11:30:00+00:00,2024-08-30T12:30:00+00:00,02:00:00,1244,2024,13,39
9584,Monza,Practice,Practice 2,2024-08-30T15:00:00+00:00,2024-08-30T16:00:00+00:00,02:00:00,1244,2024,13,39
9585,Monza,Practice,Practice 3,2024-08-31T10:30:00+00:00,2024-08-31T11:30:00+00:00,02:00:00,1244,2024,13,39
9586,Monza,Qualifying,Qualifying,2024-08-31T14:00:00+00:00,2024-08-31T15:00:00+00:00,02:00:00,1244,2024,13,39
9590,Monza,Race,Race,2024-09-01T13:00:00+00:00,2024-09-01T15:00:00+00:00,02:00:00,1244,2024,13,39
9591,Baku,Practice,Practice 1,2024-09-13T09:30:00+00:00,2024-09-13T10:30:00+00:00,04:00:00,1245,2024,30,144
9592,Baku,Practice,Practice 2,2024-09-13T13:00:00+00:00,2024-09-13T14:00:00+00:00,04:00:00,1245,2024,30,144
9593,Baku,Practice,Practice 3,2024-09-14T08:30:00+00:00,2024-09-14T09:30:00+00:00,04:00:00,1245,2024,30,144
9594,Baku,Qualifying,Qualifying,2024-09-14T12:00:00+00:00,2024-09-14T13:00:00+00:00,04:00:00,1245,2024,30,144
9598,Baku,Race,Race,2024-09-15T11:00:00+00:00,2024-09-15T13:00:00+00:00,04:00:00,1245,2024,30,144
9599,Marina Bay,Practice,Practice 1,2024-09-20T09:30:00+00:00,2024-09-20T10:30:00+00:00,08:00:00,1246,2024,157,61
9600,Marina Bay,Practice,Practice 2,2024-09-20T13:00:00+00:00,2024-09-20T14:00:00+00:00,08:00:00,1246,2024,157,61
9601,Marina Bay,Practice,Practice 3,2024-09-21T09:30:00+00:00,2024-09-21T10:30:00+00:00,08:00:00,1246,2024,157,61
9602,Marina Bay,Qualifying,Qualifying,2024-09-21T13:00:00+00:00,2024-09-21T14:00:00+00:00,08:00:00,1246,2024,157,61
9606,Marina Bay,Race,Race,2024-09-22T12:00:00+00:00,2024-09-22T14:00:00+00:00,08:00:00,1246,2024,157,61
9607,Austin,Practice,Practice 1,2024-10-18T17:30:00+00:00,2024-10-18T18:30:00+00:00,-05:00:00,1247,2024,19,9
9612,Austin,Qualifying,Sprint Qualifying,2024-10-18T21:30:00+00:00,2024-10-18T22:14:00+00:00,-05:00:00,1247,2024,19,9
9616,Austin,Race,Sprint,2024-10-19T18:00:00+00:00,2024-10-19T19:00:00+00:00,-05:00:00,1247,2024,19,9
9608,Austin,Qualifying,Qualifying,2024-10-19T22:00:00+00:00,2024-10-19T23:00:00+00:00,-05:00:00,1247,2024,19,9
9617,Austin,Race,Race,2024-10-20T19:00:00+00:00,2024-10-20T21:00:00+00:00,-05:00:00,1247,2024,19,9
9618,Mexico City,Practice,Practice 1,2024-10-25T18:30:00+00:00,2024-10-25T19:30:00+00:00,-06:00:00,1248,2024,8,65
9619,Mexico City,Practice,Practice 2,2024-10-25T22:00:00+00:00,2024-10-25T23:00:00+00:00,-06:00:00,1248,2024,8,65
9620,Mexico City,Practice,Practice 3,2024-10-26T17:30:00+00:00,2024-10-26T18:30:00+00:00,-06:00:00,1248,2024,8,65
9621,Mexico City,Qualifying,Qualifying,2024-10-26T21:00:00+00:00,2024-10-26T22:00:00+00:00,-06:00:00,1248,2024,8,65
9625,Mexico City,Race,Race,2024-10-27T20:00:00+00:00,2024-10-27T22:00:00+00:00,-06:00:00,1248,2024,8,65
9626,São Paulo,Practice,Practice 1,2024-11-01T14:30:00+00:00,2024-11-01T15:30:00+00:00,-03:00:00,1249,2024,10,14
9631,São Paulo,Qualifying,Sprint Qualifying,2024-11-01T18:30:00+00:00,2024-11-01T19:14:00+00:00,-03:00:00,1249,2024,10,14
9635,São Paulo,Race,Sprint,2024-11-02T14:00:00+00:00,2024-11-02T15:00:00+00:00,-03:00:00,1249,2024,10,14
9627,São Paulo,Qualifying,Qualifying,2024-11-02T18:00:00+00:00,2024-11-02T19:00:00+00:00,-03:00:00,1249,2024,10,14
9636,São Paulo,Race,Race,2024-11-03T15:30:00+00:00,2024-11-03T17:30:00+00:00,-03:00:00,1249,2024,10,14
9637,Las Vegas,Practice,Practice 1,2024-11-22T02:30:00+00:00,2024-11-22T03:30:00+00:00,-08:00:00,1250,2024,19,152
9638,Las Vegas,Practice,Practice 2,2024-11-22T06:00:00+00:00,2024-11-22T07:00:00+00:00,-08:00:00,1250,2024,19,152
9639,Las Vegas,Practice,Practice 3,2024-11-23T02:30:00+00:00,2024-11-23T03:30:00+00:00,-08:00:00,1250,2024,19,152
9640,Las Vegas,Qualifying,Qualifying,2024-11-23T06:00:00+00:00,2024-11-23T07:00:00+00:00,-08:00:00,1250,2024,19,152
9644,Las Vegas,Race,Race,2024-11-24T06:00:00+00:00,2024-11-24T08:00:00+00:00,-08:00:00,1250,2024,19,152
9645,Lusail,Practice,Practice 1,2024-11-29T13:30:00+00:00,2024-11-29T14:30:00+00:00,03:00:00,1251,2024,149,150
9650,Lusail,Qualifying,Sprint Qualifying,2024-11-29T17:30:00+00:00,2024-11-29T18:14:00+00:00,03:00:00,1251,2024,149,150
9654,Lusail,Race,Sprint,2024-11-30T14:00:00+00:00,2024-11-30T15:00:00+00:00,03:00:00,1251,2024,149,150
9646,Lusail,Qualifying,Qualifying,2024-11-30T18:00:00+00:00,2024-11-30T19:00:00+00:00,03:00:00,1251,2024,149,150
9655,Lusail,Race,Race,2024-12-01T16:00:00+00:00,2024-12-01T18:00:00+00:00,03:00:00,1251,2024,149,150
9461,Yas Island,Practice,Practice 1,2024-12-06T09:30:00+00:00,2024-12-06T10:30:00+00:00,04:00:00,1252,2024,21,70
9656,Yas Island,Practice,Practice 2,2024-12-06T13:00:00+00:00,2024-12-06T14:00:00+00:00,04:00:00,1252,2024,21,70
9657,Yas Island,Practice,Practice 3,2024-12-07T10:30:00+00:00,2024-12-07T11:30:00+00:00,04:00:00,1252,2024,21,70
9658,Yas Island,Qualifying,Qualifying,2024-12-07T14:00:00+00:00,2024-12-07T15:00:00+00:00,04:00:00,1252,2024,21,70
9662,Yas Island,Race,Race,2024-12-08T13:00:00+00:00,2024-12-08T15:00:00+00:00,04:00:00,1252,2024,21,70
9683,Sakhir,Practice,Day 1,2025-02-26T07:00:00+00:00,2025-02-26T16:00:00+00:00,03:00:00,1253,2025,36,63
9684,Sakhir,Practice,Day 2,2025-02-27T07:00:00+00:00,2025-02-27T16:00:00+00:00,03:00:00,1253,2025,36,63
9685,Sakhir,Practice,Day 3,2025-02-28T07:00:00+00:00,2025-02-28T16:00:00+00:00,03:00:00,1253,2025,36,63
9686,Melbourne,Practice,Practice 1,2025-03-14T01:30:00+00:00,2025-03-14T02:30:00+00:00,11:00:00,1254,2025,5,10
9687,Melbourne,Practice,Practice 2,2025-03-14T05:00:00+00:00,2025-03-14T06:00:00+00:00,11:00:00,1254,2025,5,10
9688,Melbourne,Practice,Practice 3,2025-03-15T01:30:00+00:00,2025-03-15T02:30:00+00:00,11:00:00,1254,2025,5,10
9689,Melbourne,Qualifying,Qualifying,2025-03-15T05:00:00+00:00,2025-03-15T06:00:00+00:00,11:00:00,1254,2025,5,10
